{"cameraMode":{"drawMode":0,"name":"Shaded","section":"Shading Mode"},"sceneLighting":true,"audioPlay":false,"sceneViewState":{"m_AlwaysRefresh":false,"showFog":true,"showSkybox":true,"showFlares":true,"showImageEffects":true,"showParticleSystems":true,"showVisualEffectGraphs":true,"m_FxEnabled":true},"in2DMode":false,"pivot":{"x":-0.030158132314682008,"y":0.4649451971054077,"z":-0.07557535171508789},"rotation":{"x":-0.33373188972473147,"y":-0.05313263088464737,"z":0.01886725425720215,"w":-0.9410338997840881},"size":2.757023572921753,"orthographic":false}